<?xml version="1.0" encoding="utf-8"?>
<install version="1.5" type="plugin" group="user">
	<name>Encounter Engine - User</name>
	<author>Esenbek Kydyr uulu</author>
	<creationDate>February 2010</creationDate>
	<copyright>All rights reserved.</copyright>
	<license>http://www.gnu.org/licenses/gpl-2.0.html GNU/GPL</license>
	<authorEmail>esenbekkd@gmail.com</authorEmail>
	<authorUrl>http://github.com/esen/encounter-engine</authorUrl>
	<version>1.0</version>
	<description>Encounter Engine onLogOut Event handler</description>
	<files>
		<filename plugin="encounter_engine_user">encounter_engine_user.php</filename>
	</files>
	<params/>
</install>
