<?xml version="1.0" encoding="utf-8"?>
<install version="1.5" type="plugin" group="system">
	<name>Synchronizer between Encounter_Engine and Joomla1.5 </name>
	<author>Esenbek Kydyr uulu</author>
	<creationDate>February 2010</creationDate>
	<copyright>All rights reserved.</copyright>
	<license>http://www.gnu.org/licenses/gpl-2.0.html GNU/GPL</license>
	<authorEmail>esenbekkd@gmail.com</authorEmail>
	<authorUrl>http://github.com/esen/encounter-engine</authorUrl>
	<version>1.5</version>
	<description>Synchronizes the sessions of EE engine and Joomla1.5</description>
	<files>
		<filename plugin="enc_eng_session_sync">enc_eng_session_sync.php</filename>
		<folder>spyc-0.4.5/</folder>
	</files>
	<params>
		<param name="synchronize_registration" type="radio" default="1" label="Synchronize registration" description="If yes, the registration will be only in Joomla">
			<option value="0">No</option>
			<option value="1">Yes</option>
		</param>
	</params>
</install>
