<?xml version="1.0" encoding="utf-8"?>
<install version="1.5" type="plugin" group="authentication">
	<name>Encounter_Engine Authentication</name>
	<author>Esenbek Kydyr uulu</author>
	<creationDate>February - 2010</creationDate>
	<copyright>Open Source Matters. All rights reserved.</copyright>
	<license>http://www.gnu.org/licenses/gpl-2.0.html GNU/GPL</license>
	<authorEmail>esenbekkd@gmail.com</authorEmail>
	<authorUrl>http://github.com/esen/encounter-engine</authorUrl>
	<version>1.5</version>
	<description>Plugin that authenticates Encounter-Engine users</description>
	<files>
		<filename plugin="encounter_engine_authentication">encounter_engine_authentication.php</filename>
	</files>
	<params/>
</install>
